{
  "required": true,
  "compatibilityLevel": "JAVA_8",
  "package": "me.snowmii.mixin.mixins",
  "refmap": "mixins.snow.refmap.json",
  "client": [
    "accessors.IBlock",
    "accessors.ICPacketChatMessage",
    "accessors.ICPacketPlayer",
    "accessors.ICPacketUseEntity",
    "accessors.IEntity",
    "accessors.IEntityRenderer",
    "accessors.IItemTool",
    "accessors.IMinecraft",
    "accessors.IPlayerControllerMP",
    "accessors.IRenderManager",
    "accessors.ISPacketChat",
    "accessors.ISPacketEntityVelocity",
    "accessors.ISPacketExplosion",
    "accessors.ISPacketPosLook",
    "accessors.ITimer",
    "MixinAbstractHorse",
    "MixinBlock",
    "MixinEntity",
    "MixinEntityLlama",
    "MixinEntityPig",
    "MixinEntityPlayer",
    "MixinEntityPlayerSP",
    "MixinEntityRenderer",
    "MixinGuiIngame",
    "MixinGuiNewChat",
    "MixinGuiPlayerTabOverlay",
    "MixinGuiScreen",
    "MixinLayerArmorBase",
    "MixinMinecraft",
    "MixinModelBiped",
    "MixinNetworkManager",
    "MixinPlayerControllerMP",
    "MixinRenderEnderCrystal",
    "MixinRenderGlobal",
    "MixinRenderItem",
    "MixinRenderLivingBase",
    "MixinRenderPlayer"
  ]
}